dias;tesouroUS;eurodolar;prata ;euroyen;ouro;libra;eurolibra;aluminio;gas;microouro;cobre;dolaraustralia
1;0;0;0;0;0;0;0;0;0;0;0;0
2;-0.007198;-0.000609;0.000555;0.000165;0;-0.004327;0.000984;0.00864;0.039425;-0.000199;0.006035;-0.003763
3;-0.009994;-0.000762;-0.027645;-0.000248;-0.018037;0.000233;-0.005901;0.001105;0.014534;-0.018133;0.010499;0.001453
4;0.006928;0.000406;0.002398;-0.002316;0.006348;-0.002405;0.002677;-0.00138;-0.01188;0.006336;-0.012616;-0.001886
5;-0.014547;-0.001371;-0.033489;0.001575;-0.017447;-0.002566;0.000406;0.004146;-0.019802;-0.017882;0.023675;0.003052
6;-0.001596;0.000153;-0.011019;-0.003642;-0.001981;-0.002963;0.000754;0.000963;0.006133;-0.002387;-0.016887;-0.00652
7;0.000599;-0.000102;-0.001251;-0.000249;-0.003969;0.005474;-0.00458;-0.013337;-0.0545;-0.003965;-0.006721;-0.000292
8;0.003195;0.000356;-0.005071;-0.002659;-0.002336;0.000156;-0.002213;-0.007386;-0.006068;-0.002333;-0.006767;-0.001313
9;0.003981;0.000559;0.013252;-0.002583;0.006611;-0.0014;0.000409;-0.005756;-0.008012;0.006604;-0.002082;-0.002045
10;0.006542;0.00061;0.006805;-0.001838;0.00691;0.002726;-0.000992;-0.011296;0.018077;0.006902;-0.006827;-0.006879
11;-0.002167;-0.000203;-0.004702;0.006862;-0.003057;0.002097;0.000584;0.001999;0.015489;-0.003326;0.006301;0.004127
12;0.002961;0.000406;0.003071;0.000416;0.002453;0.00372;-0.002521;-0.00114;-0.045387;0.002315;-0.006641;-0.001174
13;0.003543;0.000305;0.006947;-0.000748;0.001632;-0.002316;0.005044;-0.003567;-0.021824;0.001631;0.013754;0.003821
14;0.00608;0.000355;-0.000175;0.000083;0;0.000774;-0.00163;0.007303;0.019522;-0.000068;-0.002638;-0.004538
15;-0.003704;-0.000304;-0.002924;-0.000748;-0.006923;-0.001547;0.000408;-0.002559;0.003126;-0.00719;-0.009635;-0.001765
16;0.000978;-0.000152;-0.003812;-0.003744;0;-0.005577;0.002099;0.001995;0.038177;0;0.010111;0.000147
17;0.001173;0.000152;-0.006712;0.002171;-0.004443;0.005686;-0.006748;-0.001138;-0.050281;-0.004578;0;-0.001473
18;0.003319;0.000152;0.009425;0.001667;0.002197;-0.002711;0.00369;0.010253;-0.024101;0.002334;0.010198;0.001918
19;-0.003113;-0.000406;-0.006929;0.003494;-0.004384;0.003495;-0.005018;0.006625;0.012551;-0.004725;0;-0.00162
20;-0.002147;-0.000152;0.00337;-0.000497;0.008394;0.001161;-0.000293;-0.00014;-0.087965;0.008394;-0.012152;-0.002065
21;-0.009781;-0.000457;-0.007838;0.001659;-0.002252;0.000928;0.004634;0.012185;0.021043;-0.002252;-0.003596;0.008423
22;0.016989;0.001422;0.017166;-0.003644;0.010873;0.003707;-0.003562;-0.013422;0.048089;0.010873;-0.009307;0.002931
23;-0.008547;-0.000862;-0.019153;0.002743;-0.002841;0.008156;-0.008731;-0.006171;-0.017206;-0.002841;0.013804;0.001315
24;-0.002351;-0.000254;0.008632;0.000497;0.001967;0.004732;-0.002601;-0.00381;0.011672;0.001967;0.001702;-0.002918
25;-0.004321;-0.000609;-0.02721;-0.005633;-0.012052;-0.001823;-0.002252;0.003258;-0.038319;-0.012052;0.023598;0.000878
26;0.00217;0.000051;0.003094;0.001416;0.000137;0.000761;0;0.002824;-0.043702;0.000137;0.013095;-0.000877
27;0.00059;-0.000051;0.003871;0.003744;0.002261;0.004258;-0.001426;-0.00169;0.014337;0.002261;0.003277;-0.002488
28;0.005114;0.000406;0.008918;0.001741;0.004649;0.000076;0.003629;0.001693;-0.009276;0.004649;0.009799;0.01071
29;-0.013307;-0.001117;0.006032;0.005378;-0.001838;-0.005224;0.002845;0.006336;0.037896;-0.001838;0.002516;0.001597
30;0.009322;0.000966;0.003978;0.000576;0.006068;0.015298;-0.014422;-0.005457;-0.013746;0.006068;-0.003226;-0.004493
31;-0.008646;-0.000914;0.006327;0.004359;-0.000407;0.000675;0.002087;0.004361;0.019599;-0.000407;0.014386;0.003348
32;-0.000198;0.000051;-0.002409;0;-0.000271;-0.015956;0.017906;-0.005883;-0.009398;-0.000271;-0.000355;-0.005514
33;-0.004956;-0.000203;-0.001473;-0.002047;-0.001356;-0.002664;-0.000235;0.008172;-0.01423;-0.001356;-0.000887;0.000584
34;0.002192;0.000254;0.006194;-0.001887;0.003803;-0.005572;0.006116;0.010342;-0.005687;0.003803;0.005147;0.004812
35;-0.005964;-0.000153;0.004104;-0.002549;-0.002368;0.000154;-0.004559;0.000553;0.024197;-0.002368;-0.00724;0.002322
36;-0.0024;-0.000356;0.016056;0.000742;0.005289;-0.005909;0.007457;0.00553;-0.048969;0.005289;0.002134;0.00304
37;0.003208;0.000305;0.020341;-0.000412;0.011197;0.002162;-0.002798;0.002612;-0.01897;0.011197;0.007632;0
38;0.0006;0.000102;0.007715;0.004038;0.006804;0.002927;-0.001461;0;0.056169;0.006804;0.00916;0.002887
39;0.002796;0.000407;-0.002515;0.005499;0.002982;0.006375;0.000702;0.006857;-0.059285;0.002982;-0.009775;0.006045
40;-0.004182;-0.000203;0.003306;-0.004081;0.000462;0.001298;-0.000175;-0.000817;0.012975;0.003171;-0.003173;0.001717
41;-0.0022;-0.000102;-0.004467;0.000082;0.003301;0.011434;-0.009126;-0.00518;0.001372;0.002963;-0.011848;0.00357
42;0.00441;0.000203;0.007741;-0.006146;0.003291;-0.010249;0.004605;-0.006577;-0.030608;0.003283;0.013958;-0.006262
43;0.010776;0.001016;0.005677;-0.004782;0.016202;-0.003959;0.003937;0.009655;0.00377;0.015902;-0.012178;-0.003294
44;-0.002764;0.000051;0.001605;0.006214;0.010973;0.006422;-0.004332;0.006557;0.002347;0.010564;0.000715;-0.003448
45;-0.002772;-0.000203;0.012101;-0.003458;0.003576;-0.00319;-0.001058;-0.010858;0.012646;0.003506;0.00125;-0.009516
46;-0.006552;-0.000559;-0.012448;0.003305;-0.009161;-0.0016;-0.001471;-0.010565;-0.009713;-0.008956;0.00535;0.000437
47;0.002798;0.000152;-0.012605;0.002306;-0.00366;-0.003358;0.00277;0.000416;0.011677;-0.003782;-0.003015;-0.003201
48;0.005181;0.000254;0.009686;0.001397;0.003738;0.000306;0.000999;0.004436;0.01662;0.003732;0.002846;0.008612
49;-0.002379;-0.000152;-0.005934;0.005169;-0.005843;-0.006278;0.006565;-0.007452;-0.009083;-0.006089;0.015256;-0.000868
50;0.004173;0.000254;-0.014058;-0.000327;-0.003875;0.004622;-0.002205;0.006118;0.002291;-0.003869;0.005067;0.000869
51;0.00376;0.000102;0.014088;0.001388;0.006289;-0.000077;0.001988;-0.004837;-0.030636;0.006086;-0.002086;-0.000145
52;-0.002563;-0.000254;-0.002678;0.000489;-0.001997;0.003068;-0.004668;0.005971;-0.020283;-0.002252;-0.006272;-0.001447
53;-0.005139;-0.000152;0.00772;-0.003667;0.006327;-0.003823;0.000117;-0.000966;-0.035628;0.006321;-0.000877;-0.002464
54;0.008345;0.000711;-0.014545;-0.003108;-0.00154;0.002456;-0.002462;0.009811;-0.053919;-0.001538;-0.017898;-0.004795
55;0.001379;0.000051;0.001127;0.000656;-0.000707;0.006431;-0.00664;-0.007115;0.005277;-0.00077;-0.011256;-0.000146
56;0.004723;0.000254;0.000113;-0.006642;0.00598;-0.001369;-0.002307;-0.011852;0.011024;0.005589;-0.014817;-0.000584
57;0.006659;0.00071;0.015979;-0.004788;0.004154;-0.002895;0.000593;-0.003626;-0.017134;0.004152;-0.014857;-0.002776
58;0.008755;0.000862;-0.003157;-0.004313;0.003628;-0.002445;0.001126;-0.009099;0.004754;0.003499;-0.033141;-0.009524
59;-0.004436;-0.000405;-0.033222;0.002083;-0.00482;-0.003293;0.003315;-0.002967;0.016824;-0.004818;-0.006547;-0.000888
60;0.005812;0.000507;0.001666;-0.000582;0.000382;0.001383;-0.00118;-0.012185;-0.029473;0.000382;-0.010079;0.001333
61;0.004045;0.000507;0.029889;-0.00158;0.008727;0.004374;-0.003662;0.00502;-0.025573;0.008342;-0.011749;-0.007837
62;0.003837;0.000506;0.001114;0.0015;-0.000379;0.009092;-0.003675;-0.005709;0.006561;-0.000379;-0.001387;-0.00149
63;0.001529;-0.000202;-0.018473;0.000582;-0.003601;-0.015445;0.013328;-0.020095;-0.01195;-0.003601;-0.002778;-0.001493
64;-0.010303;-0.000861;-0.006349;0.005653;-0.016992;0.002999;-0.00505;0.003076;0.029137;-0.016992;0.013729;0.007324
65;-0.005976;-0.000507;0.002339;-0.001157;0.004773;-0.003833;-0.000354;0.009346;-0.005876;0.004773;0.012365;0.001187
66;0.001552;-0.000051;0.012522;-0.000497;0.004686;-0.00508;0.003129;0.016782;0.000537;0.004686;0.007561;-0.002371
67;0.007552;0.000659;-0.006971;-0.004969;0.002236;-0.002862;0;-0.011383;-0.002148;0.002236;-0.015201;-0.007874
68;0.00346;0.000456;0.005265;-0.003329;0.003889;0.00225;-0.005179;-0.007196;-0.049516;0.003889;-0.000586;0.00015
69;-0.004214;-0.000405;-0.010418;0.001169;-0.005779;0.003638;-0.003017;0.014642;0.012458;-0.005779;0.012121;0.00554
70;-0.004809;-0.000557;-0.005406;-0.002085;0.00115;-0.000386;-0.004747;-0.000429;0.03132;0.00115;0.006761;0.002829
71;0.00116;0.000051;0.00698;-0.00468;0.004913;0.007175;-0.00948;0.003288;-0.009761;0.004913;0.00518;-0.001633
72;0.003282;0.000355;0.006534;-0.000588;0.004825;-0.002988;0.003371;-0.008691;0.006024;0.004825;-0.005345;-0.001636
73;0.004618;0.000253;0.023483;-0.003361;0.010931;-0.000384;-0.002999;-0.011929;0.078389;0.010931;0.001727;-0.003426
74;-0.001149;-0.000203;0.00888;0.015765;0.004687;-0.006226;0.006498;0;-0.013125;0.004687;0.000958;-0.002093
75;0.005944;0.000507;0.000929;0.003652;0.005661;-0.003094;0.002212;-0.005382;-0.017903;0.005661;-0.006699;-0.008838
76;0.006291;0.000658;0.011579;0.002233;0.01732;0.007138;-0.000835;-0.003217;-0.007813;0.01732;0.008863;0.002569
77;0.010608;0.001012;0.018735;-0.008993;0.016904;-0.004622;0.003164;-0.006309;-0.040945;0.016904;-0.00974;-0.005125
78;0.005811;0.000506;-0.036305;-0.002581;-0.015248;0.006656;-0.003154;0.00251;0.010947;-0.015248;0.001543;0.000303
79;0.002423;0.00005;-0.019634;0.002838;-0.00419;-0.006919;0.008597;-0.007658;-0.014077;-0.00419;-0.007703;-0.006362
80;0.002417;0.000152;-0.009424;0.005494;0;-0.001471;0.009411;-0.000445;-0.037891;0.001524;-0.001941;0.003963
81;0.017062;0.001718;-0.071979;-0.01548;-0.046281;-0.007753;0.01161;0.000148;-0.038813;-0.046149;-0.009916;-0.009414
82;0.004923;-0.00005;0.017819;0.012528;0.01803;-0.001328;0.013448;0.014252;0.042755;0.017936;0.021603;0.001533
83;0.006351;0.000807;0.02698;-0.004401;0.031275;0.00266;-0.001487;0.005416;0.025057;0.031101;-0.008266;0.009795
84;0.000541;0.000403;0.003386;-0.002753;-0.000609;0.004292;-0.007847;0.002329;0.015;-0.000851;0.005234;0.002577
85;0.00883;0.000604;0.009018;-0.003095;0.015417;0.006061;-0.000577;-0.006972;-0.030104;0.015216;-0.004049;-0.003175
86;0.034477;0.000403;-0.007381;-0.001091;0.00264;0.005406;0.004795;-0.019892;-0.036117;0.002638;-0.003679;0.006976
87;0.032982;0.001157;-0.012374;-0.016882;0.002214;0.007374;0.005347;-0.008655;0.040984;0.001973;-0.019044;-0.005873
88;-0.032096;-0.001257;-0.005588;0.014267;-0.009197;-0.015098;0.000629;0.015204;0.088864;-0.00919;0.003962;-0.016816
89;0.004318;0.000101;-0.01047;-0.006317;-0.010668;-0.005729;0.004343;-0.002966;-0.029959;-0.010841;-0.008682;0.001079
90;-0.008083;0.000252;-0.045908;-0.003306;-0.031741;-0.020246;0.011039;-0.01517;-0.019702;-0.031663;-0.012341;-0.026782
91;-0.012829;-0.001107;-0.094292;0.018456;-0.04631;-0.021936;0.012776;0.007551;0.015209;-0.046281;-0.002821;-0.027677
92;0.024763;0.001561;-0.116491;-0.012944;-0.019661;-0.005851;0.011625;0.005845;-0.028892;-0.019912;-0.030517;-0.003741
93;-0.040274;-0.000754;-0.023724;0.003384;0.026247;-0.010054;-0.000231;-0.014752;-0.047383;0.026438;-0.034605;-0.021388
94;-0.032679;-0.001057;-0.058866;-0.010034;-0.031215;-0.042688;0.032637;-0.013007;-0.072296;-0.031393;-0.06694;-0.035536
95;0.020122;0.001159;0.030848;0.004088;0.00088;-0.004313;-0.015111;-0.003678;0.031172;0.000947;0.018283;-0.000173
96;0.026782;0.00156;0.020832;0.003647;0.003652;0.002599;-0.004484;-0.022916;-0.03023;0.003583;-0.004318;0.004325
97;0.013218;0.000653;0.070937;0.00955;0.05593;-0.003888;0.011071;-0.018416;-0.001247;0.055907;-0.032413;-0.002239
98;-0.004523;-0.000803;0.075917;0.001926;0.059477;0.019689;-0.016693;0.00016;0.031835;0.059454;0.036801;0.021409
99;-0.006116;-0.000201;0.04273;0.009943;-0.016805;0.010378;-0.000273;-0.007536;0.00363;-0.016498;0.01661;0.008114
100;0.00211;0.000754;-0.013278;-0.002813;0.010905;0.023405;-0.007153;-0.010824;-0.013261;0.010897;-0.011638;0.019618
101;0.005263;0.000402;-0.009699;-0.00672;-0.015878;0.027147;-0.019908;0.00539;-0.001833;-0.015867;-0.004982;0.018254
102;0.00925;0.000151;-0.029245;-0.006014;-0.00117;-0.007769;-0.000561;-0.005848;0.034272;-0.001846;-0.015931;-0.006298
103;-0.009165;0;0.001705;-0.003697;-0.023798;0.004278;-0.005333;-0.011765;-0.029586;-0.023798;0.036078;-0.001788
104;0.011518;0.000251;-0.0122;-0.011808;-0.003284;-0.005626;-0.00254;-0.015377;-0.032317;-0.003284;-0.021429;-0.011234
105;0.002243;-0.0001;0.048111;-0.001366;0.030098;0.001859;-0.009167;0.002519;-0.022054;0.030098;0.018704;-0.004281
106;0.005681;0.0001;-0.010962;0.000598;0.004921;-0.009762;0.006282;-0.009715;0.044459;0.004921;-0.0103;-0.007772
107;-0.010955;-0.000753;0.046758;0.00615;0.026504;0.002281;-0.003632;-0.01387;0.067859;0.026504;0.011312;0.015167
108;-0.007442;-0.000452;0.020581;0.007726;-0.007275;0.003008;0.006835;0.010635;0.069902;-0.007275;0.023937;0.017239
109;-0.005231;0.000251;-0.017832;-0.004297;0.00036;0.004295;-0.008203;-0.014257;-0.037257;0.00036;-0.004588;0.006456
110;0.003155;0.000402;0.055985;0.002708;0.042512;0.004519;0.002282;0.005682;-0.028043;0.042512;-0.000219;0.011546
111;-0.004019;-0.00005;-0.03226;-0.009198;0.004953;0.004499;-0.006408;0;-0.005193;0.004953;0.01888;0.00967
112;-0.002456;0.000151;0.03831;0.002214;0.00682;0.009997;-0.002944;0.010101;-0.042923;0.00682;0.01142;0.01052
113;0.01618;0.000602;-0.038888;-0.002719;-0.016793;-0.006018;0.000517;0.000169;-0.031515;-0.016793;-0.0147;-0.016625
114;0.004673;0;0.007574;-0.005198;-0.003937;-0.007409;0.000287;0.016438;0.055069;-0.003937;-0.003459;-0.002844
115;-0.008441;-0.0001;-0.02101;0.001799;-0.018135;0.002408;-0.000344;0.002001;0.039739;-0.018135;0.021263;0.006655
116;0.004864;0.000151;0.020936;-0.000171;0.007341;-0.003523;0.002929;-0.007654;0.097547;0.007341;-0.008073;-0.001102
117;0.008299;0.000251;-0.047442;0.000428;-0.013752;-0.013257;0.012481;-0.004695;-0.053534;-0.013752;-0.028914;-0.00977
118;-0.00703;-0.000201;0.030976;-0.00359;0.030092;0.003094;-0.006164;0.01752;0.0648;0.030092;0.022276;0.006047
119;0.002418;0.0001;0.004648;-0.004032;0.002661;0.002922;-0.006145;-0.005795;-0.06395;0.002661;0.002805;0.010282
120;0.003273;0;-0.006125;-0.000517;-0.005654;-0.000243;0.001489;-0.001166;-0.038017;-0.005654;0.010327;-0.000939
121;-0.007898;-0.000251;-0.003474;0.001379;-0.00673;0.005667;-0.00263;-0.001501;0.04181;-0.00673;0.01448;0.013164
122;0.007096;0.000251;-0.002566;-0.003356;-0.000818;0.000886;-0.000573;-0.003506;-0.013744;-0.000818;-0.001259;0.005568
123;-0.002578;0.00015;-0.000132;0.000777;-0.004151;0.001528;0.001663;0.007038;0.041806;0.001695;-0.001892;0.006461
124;-0.001895;0.00005;-0.017282;0.013374;-0.011272;0.011886;-0.004351;-0.007488;0.042804;-0.011206;-0.008633;-0.003057
125;-0.002071;-0.00015;-0.002349;-0.001022;0.006116;-0.008968;0.011328;-0.001174;-0.030272;0.003955;-0.015081;-0.017017
126;0.000346;0.00015;-0.009487;-0.007671;0.007318;-0.003684;-0.0029;-0.007049;0.054497;0.00729;0.002372;0.002027
127;-0.002421;-0.00015;0.022755;-0.007215;-0.001465;0.001045;-0.006045;0.002197;0.070748;-0.001576;0.007315;0.005136
128;-0.008667;0.00015;-0.004649;-0.008478;-0.011852;-0.008672;0.00436;-0.003036;-0.089035;-0.012919;0.004912;-0.006504
129;0.013464;0.000903;0.038367;0.004275;0.022325;0.000972;0.001085;0.001015;-0.02572;0.022091;0.014028;0.011066
130;-0.007937;-0.00005;0.011438;0.005039;-0.006911;0.004289;-0.002853;0;-0.037487;-0.006895;0.009642;0.006012
131;-0.006609;-0.000251;-0.006607;0.007089;-0.008538;-0.006526;0.003433;0.002366;0.001646;-0.009277;-0.011003;-0.006589
132;0.007353;0.000201;0.003262;-0.000515;0.005368;-0.004055;0.008155;-0.008767;-0.05805;0.005183;-0.009026;0.001234
133;0.004692;-0.00005;-0.00153;-0.006012;0.005574;-0.004967;0.001471;-0.001531;-0.060465;0.005625;-0.004872;-0.008011
134;0.005362;0.0001;0.030199;-0.000864;0.01412;-0.002046;-0.001017;0;0.040223;0.014274;0.000851;-0.000932
135;-0.003785;-0.0001;0.056396;0.003459;0.008803;-0.006315;0.009216;0;-0.020821;0.008846;-0.007444;-0.002332
136;-0.015371;-0.000551;0.024522;0.010341;-0.012319;0.005282;-0.001423;0.00937;0.083232;-0.012469;0.030641;0.010128
137;0.002631;0.00015;0.024507;0.006227;0.00716;0.008292;0.000583;-0.001857;0.02636;0.006458;0.007484;0.012957
138;0.005598;0.00015;0.006148;0.001102;0.003669;-0.004152;0.007794;0.013696;-0.03224;0.003724;0.018366;0.005177
139;0.000522;-0.0001;-0.037052;-0.001693;-0.017194;0.000409;-0.003227;0.005338;-0.034444;-0.017236;-0.006282;-0.005454
140;0.002956;0.0001;0.018979;-0.006531;0.008195;-0.005394;-0.000837;-0.011283;0.012281;0.007898;-0.017537;-0.005484
141;-0.007108;-0.00005;-0.005605;0.009391;-0.01718;0.014215;-0.004413;0.008726;0.035817;-0.017228;0.012246;0.022362
142;0.002794;-0.00015;0.006889;0.001269;0.003226;-0.007049;0.006734;0.006821;-0.039598;0.00299;-0.014763;-0.010187
143;-0.004527;-0.00005;0.011817;0.008447;0.001754;0.00718;0.001728;0.011732;0.060976;0.00152;0.00437;0.00787
144;0.007521;0.000301;0.030455;0.002429;0.013775;-0.001458;0.002226;0.00098;0.012042;0.013775;0.005595;0.00015
145;-0.003472;0.00005;0.017787;0.00117;0.000518;0.013792;-0.010493;0.002284;-0.040562;0.000518;0.019782;0.020721
146;-0.002265;-0.00005;-0.029891;0.013855;-0.007251;0.003681;-0.000224;0.014;0.001691;-0.007251;0.008082;0.013386
147;-0.010302;-0.000351;-0.015708;0.007903;-0.015882;0.003747;0.002189;0.009793;0.024761;-0.015882;0.000802;0.006387
148;-0.008469;-0.00015;0.005747;0.01168;0.012428;0.001986;0.007896;-0.002067;0.000549;0.012428;-0.001402;0.00101
149;-0.008541;-0.000752;-0.032235;-0.000404;-0.024842;0.00436;-0.009278;0.017524;-0.021954;-0.024842;0.025672;0.004035
150;0.002154;0.000251;0.024365;-0.010823;0.013185;0.004499;-0.003589;0.012995;0.003928;0.013185;0.005084;0.00775
151;0.008238;0.000301;-0.005261;-0.001878;0.009657;0.001179;0.00242;-0.002782;-0.012297;0.009657;0.011868;-0.007975
152;0.009059;0.000602;0.000112;-0.001718;-0.000816;0.002198;0.001965;0.012399;0.007357;-0.000816;0.021727;0.007752
153;0.01373;0.000251;0.005232;-0.010899;0.010915;-0.013627;0.005547;-0.017759;0.018539;0.010915;-0.026534;-0.024501
154;-0.006598;-0.00015;-0.022777;-0.000249;-0.001559;-0.008416;0.002229;0;-0.045229;-0.001559;0.005799;-0.000876
155;0.000699;0;-0.004753;0.002735;-0.005204;0.006486;-0.002435;-0.01995;-0.035817;-0.005204;-0.012685;0.002923
156;-0.009083;-0.00015;0.014558;0.000083;0.005406;0.000716;-0.000401;0.013677;-0.032954;0.005406;-0.000973;0.004663
157;0.00282;0.0002;0.007089;-0.005371;-0.000231;-0.002941;-0.000725;0.005491;0.01487;-0.000231;0.010133;-0.00058
158;0.006855;0;-0.014867;-0.004487;-0.002544;-0.009568;0.007533;0.003433;0;-0.002544;-0.000386;-0.006241
159;0.000698;0.00005;0.019379;-0.001669;0.012233;-0.005233;0.003157;-0.013839;0.018926;0.012233;0.009263;0.000292
160;-0.010293;0;0.003084;0.007273;0.006186;0.009468;-0.002816;0.006149;-0.002996;0.006186;0.015488;0.010074
161;-0.001939;0.00005;0.009169;0.000249;0.008766;0.004008;0.000609;-0.005798;-0.016226;0.008766;0.001695;0.002602
162;0.005298;0;-0.021772;-0.000249;-0.003555;-0.007985;0.00332;-0.011822;-0.024435;-0.003555;-0.003571;-0.009804
163;0.001933;0.00005;0.012742;-0.001328;-0.002095;-0.001127;-0.002813;-0.002552;-0.07201;-0.002095;0.004527;0.000728
164;0.00491;0.00015;0.007829;0.000831;0.005902;-0.005318;0.00636;0.016152;0.008772;0.005902;0.003568;-0.001164
165;-0.000349;0.00015;-0.002386;0.005397;0.001298;-0.004699;0.005386;0.005823;0.143144;0.004908;0.002807;-0.000583
166;-0.002618;0;0.031201;0.002478;0.010255;0.008709;-0.008691;0.012361;0.024576;0.010835;0.012689;0.005393
167;-0.00245;-0.0002;-0.022005;-0.003543;-0.011043;0.006375;-0.005459;0.001391;-0.045688;-0.011441;0.00129;0.002464
168;0.000877;0.0002;0.006121;-0.000579;0.006091;-0.000802;-0.000776;-0.001235;0.037702;0.005674;0.006073;0.000578
169;-0.001753;-0.00005;0.014251;0.005046;0.002522;0.002969;0.004772;0.000309;0.055363;0.001955;0.01189;0.008238
170;0.005795;0.00005;0.006701;-0.000494;0.008778;0.0044;-0.007013;-0.005253;0.025137;0.009144;0.007773;-0.00258
171;-0.000349;0.00005;0.024318;0.0014;0.006263;0.005496;-0.001112;0.020345;-0.027719;0.005912;0.009686;0.003593
172;0.008034;0.0001;-0.010429;-0.003454;-0.008978;-0.000158;-0.00334;-0.00411;-0.024671;-0.009228;0.004797;-0.002434
173;-0.003119;-0.0002;0.005349;-0.002393;-0.000556;0.000555;-0.000335;0.011463;0.014615;-0.001053;0.020863;-0.002728
174;-0.001043;0;0.038245;0.008024;0.007118;0.000238;0.005197;-0.000453;-0.036565;0.006771;0.019051;0.005614
175;0.003653;0.0001;-0.01309;0.002954;-0.000221;-0.0057;0.00945;-0.009826;0.004025;-0.000386;-0.008838;-0.00229
176;-0.00312;-0.0001;0.01203;-0.001145;0.000442;0.00207;-0.001046;-0.009924;0.018328;0.000221;-0.015604;0.004448
177;0.002782;0.00005;-0.00955;0.001393;-0.007011;-0.00294;0.000441;0.005243;-0.030934;-0.007443;0.0054;-0.004571
178;-0.002774;-0.00005;0.009642;0.001227;0.005337;0.001913;0.003251;0.001381;-0.002902;0.005388;0.00052;0.004735
179;0.001565;0;0.022301;0.003595;0.004203;0.007556;-0.007195;0.002145;-0.04482;0.004088;0.00381;0.001571
180;0.001562;0.0001;0.068227;0.002849;0.014593;0.007342;0.000443;0.011617;0.020719;0.014581;0.014663;0.018965
181;0.001907;0.00005;0.073778;0.007712;0.011778;-0.001646;0.004977;-0.001662;0.003582;0.011497;-0.011051;-0.00056
182;0.002595;0;-0.005978;-0.001369;0.013411;0.000471;0.002916;0.005751;0.061868;0.013351;0.005501;-0.004621
183;0;-0.00005;-0.005971;-0.004437;0.004341;0.003688;-0.001317;-0.000602;0.012885;0.003968;-0.014532;-0.001547
184;-0.002416;-0.00015;0.073132;0.003808;0.017762;0.00641;0.003296;0.004969;-0.040929;0.017655;0.002082;0.00634
185;0.004325;0.0001;-0.00858;-0.005004;0.007095;0.00567;-0.00794;0.012137;0.038062;0.007043;0.005886;0.0028
186;-0.000861;0.00015;0.001113;0.003083;0.004525;0.001313;0.002208;-0.000296;0.03;0.004525;0.000172;0.001117
187;0.005689;0.00025;-0.039229;0.004125;-0.005733;0.009719;-0.00369;0.001037;-0.013484;-0.005682;-0.000344;0.001116
188;-0.000171;0.00005;0.036375;0.004671;0.010554;0.001222;-0.005251;0.001775;-0.016402;0.010554;-0.015665;-0.004457
189;-0.003772;-0.00005;0.00831;-0.000401;0.00163;-0.002213;-0.000278;0.023331;0.167871;0.00163;0.017139;-0.003778
190;0.006539;0.00005;0.066503;-0.00008;0.017904;-0.001453;0.003279;0.015584;0.043789;0.017904;-0.006362;0.005056
191;-0.003761;-0.0002;0.033254;0.005213;0.014941;0.004595;0.002105;-0.004263;-0.000912;0.014941;0.007614;0.00517
192;0.000858;0.00005;0.056182;0.000718;0.010044;0.002592;-0.001493;0.003995;-0.011867;0.010044;-0.002061;0.005839
193;-0.003601;-0.0002;-0.030084;-0.004465;-0.02018;-0.007451;-0.000332;-0.003269;0.033718;-0.02018;-0.03958;-0.011748
194;-0.001721;-0.0001;0.062325;-0.003123;0.007114;0.001226;-0.004542;0.006559;-0.03798;0.007114;0.024368;0.00014
195;-0.011895;-0.000401;-0.109816;0.006909;-0.045347;-0.000383;0.000501;0.000567;0.00836;-0.045347;0.004723;0.00014
196;-0.001919;0.00005;-0.003149;0.005107;0.00119;-0.002832;0.006173;-0.002407;-0.008752;0.00119;0.005223;0.001398
197;-0.005419;-0.0001;0.067001;0.001746;0.011267;0.001842;-0.000663;-0.016321;0.013941;0.011267;-0.02875;-0.002653
198;0.000176;0.00005;-0.058821;0;-0.010068;0.003065;0.000166;-0.016159;0.079743;-0.010068;0.018545;0.0042
199;0.002811;0.00015;0.060541;-0.002694;0.024781;0.000306;0.002754;0.009972;-0.007216;0.024781;0.014706;0.005716
200;0.002628;0.0001;0.014687;0.000159;0.007254;0.011454;-0.005393;0.015827;0.033348;0.007254;0.02519;0.004297
201;-0.002097;0.00015;-0.026168;-0.002225;-0.020356;-0.009814;0.002883;0.013579;0.003724;-0.020356;0.016156;-0.005521
202;0.005079;-0.0001;-0.007066;-0.001672;-0.012712;0.007472;-0.00774;-0.002256;-0.030503;-0.012712;-0.016231;-0.001527
203;0.001394;-0.0001;-0.015301;-0.004865;0.000414;-0.009006;0.003566;-0.012862;0.040816;0.000414;-0.019024;-0.004587
204;-0.00087;0;-0.004456;0.001683;-0.003567;-0.002673;0.003054;-0.002864;0.026552;-0.003567;0.003089;0.00014
205;-0.005051;-0.00005;-0.012562;0.007121;-0.008248;0.006738;-0.003321;0.002585;-0.00955;-0.008248;0.002908;0.004747
206;-0.0021;-0.00005;0.044793;-0.004608;0.015117;0.003423;-0.004943;-0.00043;-0.011249;0.015117;0.009724;0.004308
207;-0.009823;-0.00015;-0.015312;0.006305;-0.009842;0.000985;-0.000279;0.00086;0.047948;-0.009842;0.001858;0.004566
208;0.000177;0.000301;0.022214;-0.005552;0.022377;0.01045;-0.004801;0.017752;0.030244;0.023522;0.010118;0.013361
209;0.005313;0.00005;0.029953;0.007976;0.001527;0.002623;0.001178;0;-0.010162;0.001881;0.015359;0.00435
210;0.003524;0.00005;0.001723;-0.001266;0.000305;0.000448;-0.002633;0.008862;-0.039163;0.000152;-0.010358;-0.002842
211;0.004916;-0.00005;-0.043425;-0.003961;-0.017173;-0.004632;-0.002528;-0.012688;-0.016225;-0.017201;-0.00216;-0.006922
212;0.003669;0.0001;-0.018863;0.000398;-0.003515;-0.003828;0.00642;-0.004378;0.000402;-0.003459;-0.014985;-0.00574
213;-0.013925;-0.000351;-0.005947;0.000795;-0.001919;0.001432;-0.001903;0.00383;0.040611;-0.002072;0.029919;0.003162
214;0.005119;0.000201;0.010837;-0.007389;0.00473;-0.022722;0.017156;0.006924;-0.072643;0.004621;-0.01116;-0.011236
215;-0.003161;-0.00005;0.003387;0.003762;0.006053;0.000154;0.002095;-0.008701;0.0025;0.006046;0.009129;0.007622
216;0.002995;0.00015;0.007717;0.000638;0.004885;-0.014549;0.016227;0.005379;-0.034497;0.004726;-0.017434;-0.00055
217;0.001932;0.0002;-0.015609;0.000398;-0.008392;-0.000937;0.001353;-0.006195;-0.023246;-0.008436;0.015735;0.000963
218;0.000526;-0.00015;0.018325;-0.000319;0.007896;0.008757;-0.004389;0.012468;0.01807;0.007837;0.010712;0.003024
219;-0.001051;-0.00005;0.004297;-0.003108;0.001638;-0.000155;-0.001509;-0.007557;0.022511;0.001688;-0.001141;0.001645
220;-0.001228;0;0.000329;-0.008952;0.001994;0.004186;-0.008809;0.000705;-0.04022;0.002043;-0.001632;-0.001505
221;0.001054;0;-0.013526;0.000403;-0.010305;0.000695;0.002688;-0.008736;-0.09925;-0.01055;0.00278;0.001096
222;-0.002632;-0.0001;0.001593;-0.000322;0.006237;-0.002623;0.00372;0.007392;0.002938;0.00613;0.015327;-0.000684
223;0.003518;0.0001;-0.100969;-0.005968;-0.026074;-0.010287;0.002071;-0.007478;-0.104004;-0.026162;-0.026979;-0.012603
224;-0.00894;0.00005;0.005885;-0.00284;-0.001368;-0.004689;0.000435;0.001564;-0.000545;-0.001472;0.009738;-0.005688
225;-0.001238;-0.0002;-0.058424;0.00057;-0.020383;-0.001492;-0.00261;-0.009368;0.15867;-0.020429;-0.021412;-0.012558
226;0.002833;-0.00005;0.004519;0.000813;0.004516;0.002045;-0.001417;-0.006878;0.057882;0.004515;-0.008184;-0.003674
227;0.000353;0;-0.004369;-0.002031;-0.005674;-0.000863;-0.002893;0.006348;-0.048488;-0.005939;0.001347;-0.003687
228;-0.001059;-0.0001;0.022201;0.002687;0.008128;0.00809;-0.004489;0.014337;-0.017765;0.008074;0.00555;0.006263
229;0.002121;0.00005;0.036212;0.007876;0.01148;0.002182;0.00407;0.010035;0.218943;0.01148;-0.002007;0.008488
230;-0.00529;0;-0.038843;-0.003545;-0.00359;0.002876;-0.004546;-0.004478;-0.013276;-0.00359;0.015083;0.004629
231;0.000355;-0.00005;0.032433;0.003072;0.011073;-0.000465;0.002861;-0.019961;0;0.011073;-0.054482;0.004328
232;-0.002481;-0.00005;-0.009176;-0.004433;-0.004297;0.003257;-0.00609;0.021801;-0.03522;-0.004297;0.040161;-0.004588
233;-0.009593;-0.000201;0.022152;0.008582;0.006473;0.00286;0.002429;0.001404;0.0726;0.006473;-0.004532;0.002095
234;0.002691;0;-0.025794;-0.003532;-0.005961;-0.005473;0.003579;-0.002523;-0.036329;-0.005961;0.000169;-0.007805
235;-0.005903;-0.0002;-0.000922;0.0058;-0.009205;0.000775;0.000384;0.012085;0.034127;-0.009205;0.023268;0.00309
236;0.003059;0.00005;-0.000461;-0.001041;0.002654;0.001549;-0.002413;0.01444;0.008058;0.002654;0.002472;0.003221
237;-0.000897;-0.00005;0.051684;0.002084;0.016361;0.008197;-0.002474;0.02409;0.043396;0.016361;0.012327;0.009492
238;0.001975;0;0.006263;-0.004;0.001563;0.001917;-0.003252;0.002807;0.051076;0.001563;-0.006007;-0.002765
239;0.004659;0.00015;-0.045191;-0.004097;-0.017685;-0.009492;0.004037;-0.004798;-0.009025;-0.017685;-0.006044;-0.008181
240;0.00107;0;0.011542;-0.003146;0.006778;0.006647;-0.006114;-0.00375;-0.076708;0.006778;0.001643;0.001678
241;-0.000713;-0.0001;-0.007019;-0.001375;0.000999;-0.00952;0.004932;0.000941;0.052731;0.000999;0.011649;-0.010328
242;-0.001961;0.00005;0.007275;0.001296;-0.001261;0.002403;-0.000607;0.005506;-0.000721;-0.001261;-0.005838;-0.000846
243;-0.002323;-0.0001;0.011818;0.004612;0.002946;0.004872;0.000607;-0.007346;0.007934;0.002946;0.00522;0.00127
244;-0.005731;-0.00005;0.011356;0.005074;0.002098;-0.003848;0.008161;-0.00915;0.042218;0.002098;0.020286;-0.003947
245;-0.002341;0.00005;0.010426;-0.00569;0.007433;0.016763;-0.013565;0.005703;0.037762;0.007433;0.016224;0.008774
246;-0.004333;-0.0001;-0.021114;-0.000564;-0.01221;-0.00623;0.002551;-0.003376;-0.005293;-0.01221;-0.01393;-0.001824
247;0.001451;0.00005;-0.001541;0.002177;0.000473;-0.003211;0.006637;0.000135;-0.011972;0.000473;-0.007778;0.00267
248;0.005794;0.0001;-0.010192;-0.002655;0.000368;-0.001381;-0.002473;-0.007721;0.017839;0.000368;-0.011838;-0.001121
249;0.00288;-0.00005;0.006154;-0.003631;0.003206;0.002995;-0.003085;-0.003413;-0.001653;0.003206;0.000486;0.000982
250;-0.000359;0;-0.049009;-0.00664;-0.017079;-0.004824;-0.000387;-0.007397;-0.007618;-0.017079;-0.01068;-0.010234
251;-0.006823;-0.00005;0.000643;-0.003831;-0.00565;-0.005309;-0.001603;-0.005658;0.101802;-0.004371;-0.001636;-0.004816
252;-0.00217;-0.00005;0.011911;-0.002046;0.006325;0.002475;-0.004761;0.0161;0.016056;0.00637;-0.002785;0.000427
253;0.001631;0.00005;0.016471;0.000246;0.006924;-0.004398;0.003282;0.023494;-0.032797;0.006702;0.009857;0.002845
254;-0.004161;-0.00005;0.012455;0.004181;0.009575;0.009688;-0.003271;0.015214;-0.057028;0.009458;0.004392;0.013051
255;0.013987;0.000301;-0.018144;0.000245;-0.007283;-0.00238;0.004005;0.003681;-0.00425;-0.007433;0.004535;0.006862
256;-0.000537;-0.0002;0.054769;0.00049;0.02676;0.011542;-0.001884;-0.006942;-0.034143;0.026685;0.001129;0.013352
257;-0.005915;-0.0001;0.018871;0.000979;0.00257;0.001141;0.002498;0.005144;-0.018355;0.002517;0.014334;-0.002608
258;-0.018031;-0.000401;-0.076464;0.017033;-0.049787;0.000684;-0.004983;-0.002624;-0.010042;-0.049854;0.000794;0.00344
259;-0.001102;-0.00005;0.03213;-0.002885;0.011979;0.006378;-0.007902;0.002763;0.03148;0.011864;-0.000317;-0.001509
260;0.00386;0;-0.007977;-0.001848;-0.007838;-0.003169;-0.000168;0.00223;0.027806;-0.007887;-0.006824;-0.000824
261;0.009522;0.0001;0.001608;-0.000564;0.006395;-0.007115;0.00993;0.003534;-0.018146;0.006285;0.004474;-0.005223
262;-0.000544;-0.00005;0.019308;-0.002256;0.006996;0.004498;-0.002333;0.003131;0.006384;0.006886;0.01034;0.003731
263;-0.001633;0;0.00109;0.000404;0.000849;0.000759;-0.000757;0.012094;-0.099499;0.000848;0.014014;0.005369
264;0.003817;0.0001;-0.006092;-0.001776;-0.001484;0.005687;-0.002418;0.011178;-0.001854;-0.00143;-0.007298;0.000548
265;-0.000181;0.00005;-0.0082;-0.003881;-0.005837;0.001659;-0.001843;0.008513;0.007429;-0.005941;0.000469;0.001916
266;0.004166;0.00005;-0.016371;0.000731;-0.006619;-0.002033;0.003078;-0.006678;-0.044248;-0.006617;0.00172;-0.003961
267;0.00469;0;0.013107;-0.001217;0.006179;0.001735;-0.003236;0.000381;0.022377;0.005856;0.028094;0.00288
268;-0.003411;0;-0.029735;0.005116;-0.018584;0.003539;-0.004869;-0.012299;0.023019;-0.018479;-0.010323;-0.002872
269;-0.003243;-0.00005;-0.014054;0.00404;-0.017956;0.001951;0.001406;0.006418;0.023608;-0.018065;0.012425;0.00864
270;-0.000181;0.00005;0.002748;0.001529;0.000499;0.002322;0.000562;-0.00574;0.043604;0.000499;0.003636;0.001632
271;0.005785;0.0001;-0.034381;-0.000482;-0.01318;-0.004931;0.008195;0.014881;-0.018301;-0.013071;0.026419;0.003326
272;-0.000539;0.000552;-0.000842;0.00209;-0.003479;0.001952;-0.002784;0.026293;0.013718;-0.003479;0.006177;-0.005006
273;-0.012048;-0.0002;0.066522;0.009145;0.021625;0.005471;0.002959;0.011331;-0.000694;0.021625;0.013887;0.00136
274;-0.00273;0;-0.000333;0.005723;0.006394;-0.004323;0.008573;0.002801;-0.034722;0.006394;0.002018;0.005092
275;0.004015;0.00005;0.002581;-0.002134;0.00608;0.006812;-0.003256;-0.016881;-0.098201;0.00608;0.001151;0.006147
276;-0.006726;0.00005;0.004816;0.000792;-0.00049;-0.000446;0;0.009759;0.027124;-0.00049;0.01006;-0.001007
277;0.004758;0.00015;0.022229;-0.002612;0.014108;-0.003198;0.001661;-0.012601;-0.065631;0.014108;-0.001565;-0.001478
278;0.003097;0;-0.002304;0.000635;0.004834;-0.003507;0.002267;-0.012886;-0.002909;0.004834;-0.004133;-0.002961
279;-0.00345;0;-0.030546;-0.002062;-0.01935;0.00322;-0.005847;0.023346;0.017924;-0.01935;0.004007;0.004118
280;0.005649;0.0002;0.004221;0.004609;-0.000545;-0.007987;0.013094;0.008095;0.045455;-0.000545;0.017816;0.012034
281;0.000906;0.0002;0.000042;-0.00348;0.003381;-0.004816;0.003067;-0.017885;0.014884;0.003381;-0.013023;0.001262
282;0.000181;0;-0.001956;0.001588;-0.006033;0.009527;-0.007622;0.015857;0.035122;-0.006033;-0.000568;0.001659
283;-0.004344;-0.00005;0.024849;0.000079;0.012905;0.006591;-0.003488;-0.012195;0;0.012905;0.004543;0.001457
284;0.000364;0;0.016436;-0.000159;0.002051;0.00372;-0.003147;0.009506;-0.001864;0.002051;0.004522;0.00086
285;-0.001454;-0.00005;0.044627;0.00317;0.016756;0.007042;0.001163;0.008194;-0.015316;0.016756;0.012099;0.007731
286;-0.003094;0.00005;-0.005785;0.000158;-0.000795;-0.0053;0.00354;0.004973;0.024279;-0.000795;0.008757;-0.000656
287;0.001825;-0.00005;0.012679;0.000869;-0.003447;-0.003108;0.003748;-0.017381;0.001852;-0.003447;-0.015296;-0.002428
288;0.008929;0.00005;-0.032118;-0.003867;-0.006705;-0.007795;0.000824;-0.013635;0.027726;-0.006705;-0.015393;-0.008222
289;-0.005599;-0.00005;0.015334;0.000792;0.004339;0.009427;-0.008176;0.007597;-0.061871;0.004339;0.009665;0.005107
290;0.003996;0.00005;-0.000503;0.000792;0.002774;0.004151;-0.003928;0;-0.034509;0.002774;0.002252;0.003695
291;0;-0.00005;0.025144;0.003639;-0.001436;-0.006938;0.008776;0;-0.084591;-0.001436;0.002809;-0.00355
292;-0.000543;0.00005;-0.012169;0.000946;0.001332;0.003716;-0.00011;-0.010135;0.070282;0.001332;-0.004762;0.004552
293;0.001086;0.00005;0.013391;0.000079;0.006012;0.008146;-0.005507;0.011112;-0.018241;0.007288;-0.002815;0.008538
294;0.001989;0.0001;-0.005889;-0.004803;0.001111;0.003012;-0.008084;-0.017041;0.048307;0.000898;-0.008185;0.002409
295;-0.000902;0.00005;0.036154;0.000396;0.027257;-0.006371;0.008485;0.016709;0.016542;0.027175;0.011098;-0.003183
296;-0.00596;-0.00005;0.010519;-0.000395;0.004114;0.004496;-0.000332;0.013221;0.046881;0.004007;0.024627;0.013165
297;-0.013263;-0.0002;-0.021689;0.005064;-0.023455;-0.001981;0.002326;-0.005854;0.005181;-0.023434;0.00261;0.002251
298;-0.002946;-0.00005;0.008416;0.003779;0.002832;-0.002206;-0.00116;0.000613;0.004786;0.00262;0.012466;-0.004043
299;-0.00277;-0.0001;-0.09625;-0.003843;-0.040893;-0.000663;-0.003595;-0.008336;-0.010627;-0.040865;-0.005953;-0.00116
300;-0.002407;0.00005;0.026727;-0.001968;0.008451;-0.002654;-0.001721;-0.010632;0.017407;0.008391;-0.029808;-0.005484
301;-0.000928;-0.0001;0.005745;-0.000079;-0.003622;0.010128;-0.00695;0.007372;0.002184;-0.003566;0.011504;0.008174
302;0.007061;0.00015;0.005358;-0.003313;0.005806;-0.002415;-0.0014;-0.003969;-0.009444;0.005802;0.003329;-0.003668
303;-0.006827;0.00005;0.008856;-0.000791;-0.00178;0.003815;-0.003813;-0.004857;-0.022369;-0.001887;0.0141;0.005554
304;0.00353;0.00005;-0.035773;-0.005624;-0.01135;-0.006724;0.001812;-0.012264;0.026632;-0.011613;-0.017721;-0.011561
305;0.000926;0.00005;0.018288;0.004063;0.005576;0.003164;-0.000011;-0.010136;-0.069784;0.005629;0.009159;0.000195
306;0.000185;0;0.017999;-0.00476;0.014352;0.000953;-0.002584;-0.012159;-0.002749;0.014292;0.003163;0.006431
307;-0.003328;0;0.00342;0.003986;-0.000322;0.005716;-0.001408;0.036668;-0.018905;-0.000321;0.002193;0.001872
308;0.002597;0.00005;-0.011541;0.003732;-0.005147;-0.002987;0.00361;-0.003375;-0.018065;-0.005199;-0.005471;-0.005219
309;0.006477;0;-0.002703;-0.00269;-0.000431;-0.001388;-0.001012;0.011036;0.063778;-0.000539;0.001375;-0.002073
310;-0.000552;0;0.002907;0.000714;-0.002264;0.004903;-0.002701;0.002357;0.020753;-0.002318;-0.003434;0.005711
311;0.003311;0;-0.005993;-0.000555;-0.003134;-0.003204;-0.002144;-0.01188;0.039157;-0.003242;-0.015573;-0.010712
312;-0.005134;-0.00005;0.021004;0.00349;-0.003794;0.004018;-0.00147;-0.005761;-0.034783;-0.003794;0.00322;0.004044
313;-0.004976;0.00015;0.038249;0.004821;0.005115;-0.002911;0.002888;-0.001386;-0.037538;0.005115;-0.002651;-0.007212
314;0.001667;0;0.092862;-0.003382;0.007308;-0.002189;-0.003162;-0.009586;0.111544;0.007308;-0.003218;0.000393
315;-0.003328;-0.0001;-0.102524;-0.002683;-0.016283;-0.001243;-0.002718;0.001783;-0.001754;-0.016283;-0.006457;-0.006738
316;-0.003525;-0.0001;0.018723;0.000237;0.000929;-0.000952;0.00142;0.003432;-0.019684;0.000929;0.011161;0.004149
317;-0.002234;0;-0.024369;-0.000554;-0.023633;0.002346;-0.007372;0.010516;0.052349;-0.023633;-0.003493;-0.002755
318;-0.004478;0;0.030164;0.005699;0.012298;0.003949;0.002514;0.012412;-0.024532;0.012298;0.020471;0.008681
319;0.002437;-0.00005;0.020582;-0.001102;0.011596;0.001165;-0.000171;0.008297;0.006636;0.011596;0.010992;0.004629
320;0;0.00005;-0.006311;-0.001418;0.001856;0.004874;0.000228;0.013756;-0.016308;0.001856;0.014814;0.004413
321;0.002431;0;-0.011754;0.001973;0.002888;0.002172;-0.001254;0.00836;0.026808;0.002888;0.013928;-0.001228
322;-0.001679;0;-0.001182;0.001181;-0.00853;-0.002673;0.002739;0.001562;-0.014772;-0.00853;0.000528;0.002653
323;-0.00654;-0.00005;0.010391;0.000865;-0.001808;0.001304;-0.004438;0.003719;0.015342;-0.001808;0.003828;-0.001678
324;-0.012413;-0.00015;-0.000146;0.008645;-0.013395;0.006511;-0.004115;-0.004183;0.074519;-0.013395;0.012099;0.003426
325;0.001904;0.0002;-0.000183;-0.006311;-0.014523;-0.003666;-0.002812;0.015963;0.028763;-0.014523;-0.003119;-0.00161
326;0.00057;0.00005;-0.008677;0.00196;0.001299;0.008224;-0.004201;0.011931;-0.04256;0.001299;0.020985;0.002387
327;-0.008549;-0.00005;0.006463;0.000548;0.001353;0.00279;-0.000289;-0.004436;-0.004218;0.001353;0.0443;0.012551
328;-0.004407;0;0.030493;-0.000235;0.017401;0.004495;-0.000231;0.016417;-0.037797;0.017401;0.015281;0.007437
329;-0.001347;0.00005;-0.014137;0.000861;-0.001273;0.002202;-0.004221;-0.004961;-0.025059;-0.001273;0.008429;-0.001577
330;-0.003854;-0.0001;0.006176;0.006253;-0.004434;0.001134;-0.000755;0.015536;-0.008684;-0.004434;0.027104;0.003981
331;-0.011414;-0.000501;-0.007898;0.005593;-0.012247;-0.006372;0.009356;0.028999;-0.02698;-0.01169;-0.008138;-0.005036
332;0.006654;0.00005;-0.044686;-0.004867;-0.026093;-0.006341;-0.002476;-0.031399;-0.002161;-0.026248;-0.040202;-0.02442
333;-0.000194;0.000251;0.00928;-0.001009;-0.003241;-0.001649;-0.000923;-0.016609;0.002165;-0.003355;0.006106;0.008495
334;0.00175;0.0001;0.007618;0.002642;0.006154;0.003017;0.000058;0.039604;0.022326;0.006152;0.027188;0.006816
335;-0.005823;-0.00015;-0.018361;0.000543;-0.010271;-0.000573;-0.000982;-0.004594;-0.008101;-0.010268;-0.018551;-0.004471
336;-0.008981;0;-0.035019;0.000232;-0.008803;-0.0048;-0.003585;-0.015759;-0.024858;-0.008801;-0.039008;-0.008404
337;0.000788;0.00005;-0.006959;-0.000387;-0.001294;-0.003384;-0.001045;0.004003;-0.016387;-0.001294;0.024054;-0.005046
338;-0.002953;-0.000251;-0.000673;0.000232;-0.011955;-0.000361;-0.004299;-0.001936;-0.013699;-0.012069;0.004037;-0.003511
339;0.006515;0;0.035975;-0.000077;0.023187;0.004264;-0.000642;-0.002511;-0.000751;0.023182;-0.02047;0.007047
340;0.002354;0.00005;-0.001759;0.001084;0.002854;0.002519;-0.000759;0.00103;0.01127;0.002854;0.005598;0.002462
341;-0.001566;0.00005;0.002299;0.005648;0.000465;0.00402;0.001052;0.003886;-0.008915;0.000465;0.024988;0.006722
342;-0.014504;-0.0001;-0.010779;0.00277;-0.001626;-0.004647;0.001809;-0.003757;-0.025487;-0.001625;0.000603;-0.003852
343;0.003182;0;0.014413;-0.000844;0.005467;-0.001006;-0.001084;0.021029;-0.044615;0.005466;0.000241;-0.003287
344;-0.001586;0;-0.010627;-0.002611;0.000983;-0.000791;-0.000198;-0.00985;0.031401;0.000983;-0.016279;0.001811
345;-0.004369;0.0001;0.002156;0.004928;-0.002196;0.003526;0.002683;0.017183;-0.013271;-0.002195;0.012013;0.006068
346;-0.007379;-0.0002;0.011179;-0.004061;0.003127;-0.001147;-0.004247;-0.007557;-0.018592;0.003127;-0.002665;-0.003914
347;0.000402;0.00005;-0.001102;-0.001539;0.005311;-0.004163;0.003681;0.010638;0.021765;0.00531;0.001579;-0.001675
348;0.008034;0;-0.020957;0.002003;-0.002067;-0.000505;0.003318;0.012078;0.01854;-0.002067;0.006184;0.00071
349;-0.004383;0;-0.021017;-0.007997;-0.007538;-0.007645;0.000058;-0.01905;-0.02866;-0.007479;-0.014702;-0.014184
350;0.003802;0.00005;0.00004;-0.003023;0.004754;-0.004724;0.002147;0.003795;0.003987;0.004695;-0.004036;-0.006017
351;-0.000399;0.00005;-0.007103;0;-0.004617;0.003359;-0.007236;-0.000556;0.020651;-0.004673;-0.021245;-0.00204
352;-0.004587;-0.00005;0.002798;0.006375;0.004232;0.003348;-0.002216;0.021582;-0.005058;0.004174;0.023463;0.005341
353;-0.007614;-0.00005;-0.013749;-0.001004;-0.011604;-0.001813;-0.000409;-0.007841;0.011341;-0.011603;-0.008704;0.000787
354;0.001615;-0.0002;-0.025296;0.000851;-0.016471;-0.002834;-0.001169;-0.017781;0.014308;-0.016528;-0.01484;-0.005111
355;-0.002822;-0.0001;0.016417;0.004095;0.017756;0.004081;-0.003512;-0.009945;-0.005719;0.017756;0.005021;0.001186
356;0.010511;0;0.017049;0.002847;0.00741;0.003846;0.000059;0.008804;0.011887;0.00741;0.000125;0.002171
357;-0.004001;-0.000201;-0.006898;-0.000691;0.00029;0.005278;-0.001821;0;-0.048503;0.00029;0.036343;0.004924
358;0.006025;0.0001;0.018132;0.00215;0.008396;-0.005897;0.010886;0.017565;-0.021904;0.008396;-0.005423;0.001307
359;-0.000998;0.00015;0.000833;-0.000919;-0.000804;-0.006366;0.005996;-0.003299;0.026059;-0.000804;-0.015146;-0.007568
360;0.002598;0.00005;0.013316;-0.00069;0.009597;0.000146;0.004108;0.0107;0.000794;0.009597;0.009719;0.005916
361;-0.001794;0;-0.01009;0.002379;-0.007684;-0.001529;0.000346;-0.010369;0.001586;-0.007684;-0.012916;-0.003333
362;-0.001398;-0.0001;-0.018095;-0.001914;-0.006941;0.002114;-0.001959;0.001434;0.013856;-0.006941;-0.005061;-0.001246
363;0.005599;0.00015;0.022693;0.000307;0.008665;0.000509;0.002944;0.015198;0.022647;0.008665;0.003226;0.00348
364;-0.00179;0;0.003856;0.000767;-0.006471;0.002036;0;0.013886;-0.000382;-0.006471;0.023992;0.010795
365;0.013546;0.0001;0.017284;-0.002299;0.01758;0.000653;-0.000403;0.004601;0.015279;0.01758;0.02186;0.003754
366;-0.006289;-0.00005;0.005509;0.001536;0.007704;0.003336;-0.003051;-0.008414;0.008277;0.007704;-0.011937;-0.002773
367;-0.003165;0.00005;-0.010269;-0.001227;-0.005396;0.008312;-0.005001;0.005693;0.025746;-0.005396;0.016746;0.003621
368;0.004167;0.00005;0.000155;-0.000614;0.004465;-0.001434;0.003053;-0.008758;-0.008003;0.004465;-0.006118;-0.005734
369;-0.000198;-0.00005;0.028256;-0.000307;0.00844;-0.000215;0.000116;0.024566;-0.012835;0.00844;0.014796;0.00473
370;0.001976;0;-0.014719;-0.001844;-0.006193;-0.006319;0.004455;-0.003891;0.021174;-0.006193;-0.0014;-0.005547
371;-0.000986;-0.00005;-0.003706;0.005544;-0.002358;0.002746;0.00432;0.0019;-0.006912;-0.002358;0.014601;0.006096
372;0.000987;-0.00005;0.005139;0.001685;0.001238;0.002162;-0.002179;0.014226;0.021978;0.001238;0.024177;0.006382
373;-0.006312;0;0.007669;0.005427;-0.000674;-0.000288;-0.000172;-0.003429;0.029749;-0.000674;0.066322;-0.00506
374;0.000397;0.00005;-0.012532;0.002433;-0.0027;0.003093;0;-0.000417;0.0181;-0.0027;-0.043432;0.00367
375;-0.001984;0.00005;-0.001074;0.001744;-0.002876;0.000287;-0.000345;0.009178;-0.004786;-0.002763;-0.009698;-0.002502
376;0.000398;0.00005;-0.007677;-0.004543;-0.000452;-0.009964;0.001495;-0.00248;0.00687;-0.000339;-0.003116;-0.009067
377;0.002385;0;0.042161;0.001825;0.013637;0.007458;-0.00379;0;0.011941;0.013634;0.014289;0.007982
378;0.002379;0.00005;-0.014995;-0.002809;-0.008708;-0.001509;-0.003055;0.009532;0.000337;-0.008818;-0.001541;-0.007404
379;0.000791;0;-0.001394;-0.00137;0.004674;0.001224;-0.002255;0.008518;-0.009774;0.004673;0.000661;0.00467
380;0.003162;0.0001;0.036224;0.002516;0.0176;-0.001653;0.0062;0.019538;-0.003404;0.017598;0.017625;0.00368
381;-0.004137;0.000201;0;0.005247;0.008593;0.007921;0.001209;0.020162;0.010246;0.008592;0.031825;0.009455
382;-0.00277;-0.00005;0.000619;0.000227;0.003495;0.009859;-0.011332;-0.002446;-0.00879;0.00344;-0.006819;-0.000701
383;-0.003769;-0.0001;0.006478;-0.000983;-0.000871;0.001627;-0.001164;-0.002452;0.007844;-0.000816;0.009507;0.000191
384;-0.008562;-0.00015;-0.015403;0.00265;-0.007244;-0.006922;0.00099;-0.011405;0.004738;-0.007244;-0.005441;-0.014025
385;0.003816;0.00015;-0.006867;-0.001586;0.000658;-0.001209;0.000873;-0.015614;0.001347;0.000658;-0.00989;-0.00097
386;0.004002;0;0.011426;0.004613;0.007731;0.004059;0.001453;0.000505;-0.004036;0.00773;-0.008819;0.007831
387;-0.000199;0.00005;0.033159;-0.000301;0.016105;-0.000638;0.000298;0.020196;0.049983;0.016049;0.012328;-0.005073
388;-0.000598;0.00005;0.001911;0.002861;0.000161;0.007168;0.000746;-0.010294;-0.0312;0.000214;0.002965;0.007165
389;-0.003989;-0.00005;-0.010807;-0.001577;0.007228;-0.00606;0.001392;-0.026003;-0.015936;0.007227;-0.030831;-0.010766
390;0.006007;0.0001;0.001571;0.000226;0.000266;0.005742;-0.001911;-0.00421;-0.013158;0.000213;-0.001634;0.007061
391;0.001592;-0.00005;-0.02064;-0.00218;-0.00271;-0.002185;-0.000986;-0.014848;-0.006496;-0.002763;-0.018769;-0.005082
392;0.002782;0.00015;0.015069;0.001356;0.00421;0.000141;0.002439;0.007536;-0.006882;0.004156;0.01012;0.00278
393;0.005747;0.0001;0.005379;0.00286;0.007163;-0.000636;0.004172;-0.005402;0.009356;0.007164;-0.004294;0.000129
394;-0.000394;0.00005;-0.006563;-0.001426;0.001686;-0.001696;-0.00352;0.012952;0.024373;0.001686;0.002433;-0.00116
395;-0.004731;0;0.00237;0.006613;-0.002945;0.006159;-0.005675;0.031656;-0.008713;-0.002893;0.029451;-0.000258
396;0.002179;0;0.00265;0.000149;0.003587;-0.001126;0.001281;0.007296;0.009466;0.003587;0.003429;-0.003938
397;-0.002569;0;0.003215;-0.001194;0.00021;-0.002606;0.004827;-0.010518;0.039518;0.00021;-0.004378;0.006482
398;0.002378;0;0.003668;0;0.002417;0.000636;-0.002026;-0.011131;-0.009343;0.002417;-0.013299;-0.001417
399;-0.002767;-0.00005;-0.025758;-0.000374;-0.01903;-0.005082;-0.00203;-0.015211;-0.011057;-0.01903;-0.027935;-0.013156
400;0.00892;0.0001;0.015259;-0.003962;0.00994;0.004682;-0.001395;0.020801;0.018415;0.00994;0.01476;0.01209
401;-0.001572;0;0.004376;0;0.003704;0.001553;0.000873;-0.01029;-0.008718;0.003704;-0.000551;0.002131
402;0.004919;0.00005;-0.010214;0.000976;-0.002425;-0.001481;0.000174;0.007339;0.018893;-0.002425;0.006174;-0.002448
403;0.004895;0;0.009742;0.000675;0.000528;-0.003319;0.003314;0.001821;0.00032;0.000528;-0.005808;-0.000581
404;0.003313;0;0.001072;-0.002023;0.000528;0.003825;-0.00452;0.010302;0.006392;0.000528;-0.01025;0.002391
405;-0.000583;-0.0001;0.004141;-0.003078;-0.008869;-0.004446;-0.001281;-0.004799;0.046681;-0.008869;0.01147;-0.00677
406;-0.003887;-0.0001;-0.003804;0.003615;-0.007138;0.000638;0.000979;0.011753;0.01699;-0.007138;-0.002092;0.002077
407;-0.00039;0;-0.012311;0.002852;-0.005097;-0.002409;0.003389;-0.015191;-0.033413;-0.005097;-0.042365;-0.00447
408;-0.004489;-0.000301;0.004371;-0.005313;0.002696;-0.005681;-0.003192;0.003428;0.003395;0.002696;0.012097;-0.00898
409;0.011958;0;-0.07036;-0.011134;-0.046088;-0.005571;-0.003435;-0.027429;0.000615;-0.046088;-0.047353;-0.008142
410;0.007555;-0.000451;0.004411;-0.00426;-0.003326;-0.007541;0.004264;-0.007541;-0.011682;-0.003326;-0.005257;-0.007083
411;-0.005576;0;0.002196;0.004355;0.007862;0.008105;-0.004886;0.007807;-0.007465;0.007862;0.006006;0.005334
412;-0.010441;0.00015;-0.006419;0.005401;-0.003087;0.00079;0.001403;0.007746;0.020997;-0.003087;0.011224;0.002056
413;-0.000977;-0.0001;0.010059;0.002497;0.003378;0.001578;-0.00216;0.00328;0.02302;0.003378;0.022789;0.002383
414;0.000978;-0.0001;-0.002336;-0.00083;-0.003759;-0.002506;0.002632;0.002758;0.025503;-0.003759;-0.004502;0.001387
415;-0.007425;0;0.001344;-0.000227;0.000563;-0.003733;0.003676;0.01956;0.02282;0.000563;-0.002899;0.000396
416;0.008268;0.0001;0.005214;-0.003324;0.001689;0.000216;-0.000872;0.003797;0.034611;0.001689;-0.004885;-0.002702
417;0.000195;0;-0.013197;-0.002198;-0.00944;-0.002017;0.000233;0.022895;0.003594;-0.008991;-0.000351;-0.006741
418;0.004099;0.0001;0.011325;0.00076;0.004538;-0.003465;-0.001163;-0.007882;0.00551;0.004536;0.004677;-0.002528
419;-0.003499;-0.0001;-0.00344;0.004251;0.00288;-0.00355;0.00297;-0.005493;0.003014;0.002935;-0.012685;-0.004669
420;0.004487;0.000251;0.01557;-0.003402;0.003773;0.003708;-0.003484;0.02012;0.010653;0.003658;0.00943;0.005361
421;0.00738;0.00015;-0.012349;-0.00713;0.006115;-0.000435;-0.00134;-0.011505;-0.017027;0.006112;-0.005605;-0.000533
422;0.007326;0;-0.001682;-0.001528;0.004461;0;-0.001517;-0.01252;-0.011273;0.004403;0.016674;-0.001334
423;0.004019;0.00015;-0.005477;-0.004514;-0.001055;-0.001812;0.004616;-0.022583;0.025584;-0.001054;-0.013283;-0.008281
424;-0.008006;-0.000201;0.009397;0.006302;0.005779;0.008348;-0.005177;0.022193;-0.003796;0.005777;0.018963;0.008822
425;-0.000769;-0.0001;0.000229;0;-0.002486;-0.001224;-0.000409;-0.004164;0.020414;-0.002596;-0.006778;-0.002136
426;-0.006538;-0.000201;-0.003891;-0.004048;0.00216;-0.00382;-0.002632;0.019114;-0.014137;0.002215;-0.001966;-0.003813
427;0.007162;0.000301;0.005016;-0.001304;0.008235;0.002243;0.001818;-0.006545;-0.00974;0.008343;-0.008692;0.00423
428;0.008072;0.0001;0.004915;-0.003686;0.002247;-0.00296;0.000995;-0.003048;-0.012568;0.002192;0.013093;-0.008024
429;-0.000572;0;-0.022673;0.002466;-0.007602;-0.003041;0.003158;-0.011244;0.016602;-0.007654;-0.000115;-0.002292
430;0.014308;0.0001;-0.025255;-0.006919;-0.003196;-0.005302;0.006203;-0.026434;0.028579;-0.003196;-0.028159;-0.008445
431;-0.004514;0;-0.00593;0.002323;0.001216;-0.004965;0.002352;0.018545;0.025668;0.001216;0.014963;-0.000954
432;-0.008313;-0.00005;0.01045;0.005638;-0.004418;0.006605;-0.005029;-0.002917;0.021414;-0.004416;0.002106;0.003683
433;0.002858;0.00005;0.005032;-0.003533;0.001165;0.004301;-0.006739;0.012409;0.011114;0.001109;0.015295;0.004213
434;-0.00285;0;-0.005795;0.0037;-0.001994;-0.001524;0.001462;0.008969;0.014239;-0.001994;0.013454;-0.003248
435;0.000572;0.00005;0.003053;0.000921;-0.001499;0.004435;-0.001927;0.004247;0.010345;-0.001443;0.041416;0.001969
436;0.005331;0.00005;-0.026211;-0.00422;0.000445;0.005211;-0.003335;-0.010523;-0.031936;0.000334;-0.00937;-0.002371
437;-0.003788;-0.00005;0.009094;0.003775;0;0.001368;-0.000059;0.016599;0.018383;-0.000056;-0.014738;0.000951
438;-0.001331;0.00015;0.03653;-0.000307;0.017616;0.004674;-0.000352;0.024932;0.003709;0.017503;0.009154;0.004478
439;0.003427;0.0001;-0.00916;-0.000307;-0.010157;-0.005726;0.002819;0.001335;-0.035723;-0.010157;-0.008739;-0.009052
440;0.007778;0.0001;0.001136;-0.003303;0.003034;0.000072;0.001289;0.008669;0.005365;0.003034;-0.010825;0.00409
441;0;0.00005;0.000352;-0.002158;-0.0044;0.001727;-0.002515;-0.014828;0.02338;-0.0044;-0.011056;0.004005
442;0.00113;-0.00005;-0.004694;0.001313;0.000221;-0.00194;-0.000176;-0.007094;0.03253;0.000221;-0.012092;-0.001555
443;-0.003009;-0.00015;-0.006641;0.002314;-0.002983;0.003168;-0.003402;0.00811;-0.004329;-0.002983;0.00358;0.002912
444;-0.009053;-0.0001;-0.038177;-0.002385;-0.024985;-0.004234;-0.002472;-0.003448;0;-0.024985;0;-0.007158
445;-0.003045;0;-0.043477;-0.000848;-0.020795;-0.001514;0.000059;-0.011725;-0.019324;-0.020795;-0.013462;-0.002108
446;-0.002864;-0.0001;0.005246;0.001004;0.003133;-0.000938;-0.000649;0.010114;0.007143;0.003133;0.015045;0.001908
447;-0.001149;0.00015;0.004149;0.000309;0.012494;0.001806;-0.000472;0.004236;-0.007337;0.012494;0.002873;0.003061
448;-0.000767;-0.00005;-0.01572;-0.000771;-0.0008;-0.004688;0.003957;-0.005464;-0.031042;-0.0008;-0.001833;-0.005426
449;0.009208;0.0001;0.028695;-0.002237;0.01498;0.004855;0.000647;0.009447;-0.018307;0.01498;0.007117;0.005523
450;0.004372;0.00005;0.000505;-0.005026;0.006591;-0.001803;0.000682;-0.000668;0.022015;0.006591;-0.014817;-0.00529
451;0;-0.00005;-0.005551;-0.002487;-0.001063;-0.007657;0.002138;-0.000956;-0.027623;-0.001063;-0.028228;-0.011113
452;-0.000379;0.00005;-0.00998;0.003039;-0.001905;0.001893;-0.001759;-0.015782;0.003909;-0.001905;-0.02;-0.001034
453;0.004544;-0.00005;-0.008201;-0.004039;-0.000786;-0.00901;0.005873;-0.00379;-0.005711;-0.000786;-0.018829;-0.013043
454;-0.000377;0.00005;-0.004953;0.00195;0.000449;-0.001173;0.002978;0.001463;0.005483;0.000449;0.023771;-0.001888
455;0.000377;-0.00005;0.023545;0.003269;0.012465;0.007928;-0.003493;0.020846;0.024409;0.012465;0.024187;0.011279
456;-0.004712;-0.00005;0.010191;0.000621;0.001331;0;0.000526;0.010496;-0.012421;0.001331;0.004841;0.005542
457;-0.006628;0.00005;-0.004981;0.004032;-0.009637;0.002258;-0.000876;0.000378;0.000257;-0.009637;0.00235;0.003169
458;0.000762;0;-0.009465;-0.001313;0.002237;-0.004868;0.003155;0.002643;0.073646;0.002237;-0.004455;-0.005838
459;0.002667;0.00015;0.02183;0.001856;0.013615;0.005403;-0.001748;0.009226;0.044455;0.013615;0.016604;0.010293
460;0.003229;0;-0.004156;0.001312;-0.004184;-0.000073;0.000817;-0.002612;-0.014874;-0.003743;0.010309;-0.001915
461;-0.00303;0;0;0.001696;0.003317;-0.000726;0.001458;0.027404;0.016725;0.003315;-0.000229;0.003083
462;0.001519;0;0.009057;0.002309;-0.001047;0.001526;0.001339;-0.010469;0.054375;-0.001101;-0.022248;0.007308
463;0.001138;0;-0.012491;0.002687;-0.002427;0.004354;-0.002035;0.002116;0.005634;-0.002426;0.006334;0.004
464;-0.003031;0;0.037152;-0.001761;0.012274;0.002963;-0.001631;0.0112;0.015298;0.012214;0.008275;0.007428
465;-0.00608;-0.00005;-0.017285;0.002148;-0.019116;-0.0067;0.002918;0.012347;-0.03056;-0.019219;-0.011097;-0.009385
466;0.004206;0;-0.013233;-0.002296;-0.002896;-0.000508;-0.00128;0.01103;0.075744;-0.002839;-0.010637;-0.001962
467;0.005901;0;0.005039;-0.00445;0.003742;0.004209;-0.003787;0.016232;0.02381;0.003685;0.012169;-0.000407
468;-0.00511;0;-0.011519;0.000694;-0.00434;0.000506;-0.001813;0.02924;-0.018485;-0.004394;0.038403;-0.00095
469;0.002663;0;-0.004276;-0.001001;0.001341;-0.000795;-0.000164;-0.006275;0.059336;0.001341;-0.018997;-0.000679
470;0.00702;0.00005;0.003747;-0.001156;0.007087;-0.001373;0.002332;-0.021505;0.005544;0.007086;-0.010427;-0.005435
471;-0.002826;-0.00005;-0.003481;-0.002084;-0.006815;0.001303;-0.001345;0.021542;0.038023;-0.00687;0.019801;0.001025
472;-0.002645;0;-0.042384;-0.001856;-0.021089;-0.003036;-0.001581;-0.0035;-0.022894;-0.021198;-0.028387;-0.004231
473;-0.004925;0;-0.020086;0;-0.002964;-0.003843;0.001759;0.000514;-0.043112;-0.002964;-0.007713;-0.003152
474;0.007805;0.00005;-0.005921;-0.005501;0.007088;-0.006697;0.006321;-0.007878;-0.023506;0.007088;-0.030267;-0.004744
475;-0.000378;0;0.018499;-0.001247;0.00806;0.001319;-0.001221;-0.004488;-0.036108;0.008117;0.002672;-0.000276
476;-0.009826;-0.0001;0.013113;0.00312;0.000394;-0.003586;0.000757;0.032079;0;0.000338;0.03016;0.000553
477;-0.009733;-0.00005;-0.009926;0.008009;-0.016322;0.008667;-0.004073;0.003864;0.035588;-0.016322;-0.005056;0.00953
478;-0.007323;-0.00005;-0.011218;0.002314;0.001144;-0.005316;0.002688;-0.009874;0.032958;0.001144;0.013354;-0.007182
479;-0.001747;-0.0001;0.012015;0.000616;0.000171;0.003587;-0.005011;-0.011748;0.110117;0.000171;0.001399;0.004065
480;-0.008557;0;-0.010019;0.003307;-0.008114;-0.012838;0.011069;0.017446;0.023659;-0.008057;-0.011296;-0.006107
481;-0.001373;0;-0.04329;-0.003143;-0.008238;-0.007242;0.000695;-0.003026;-0.062318;-0.008295;-0.010601;-0.00794
482;0.000786;0.0001;0.026189;-0.006691;0.019634;0.002977;-0.004457;-0.020993;0.071207;0.019634;-0.02619;0.006681
483;0.007066;0.00005;0.022206;-0.002013;0.000968;0.005863;-0.004768;-0.000258;-0.04227;0.000968;0.025306;0.004701
484;-0.001364;0.00005;0.004798;0.001009;0.005236;0.004501;-0.002162;0.018951;0.026161;0.005236;0.012639;0.003372
485;-0.00605;-0.0001;-0.001592;0.002868;-0.003737;0.001102;-0.003454;0.003128;0.094693;-0.003737;-0.010479;0.000137
486;0.001963;-0.00005;-0.003366;-0.004559;0.000511;-0.003595;-0.00047;-0.008259;-0.100919;0.000511;-0.010709;-0.003017
487;-0.006467;0;0.005598;0.001786;-0.001477;0.002872;-0.002821;0.016655;0.000352;-0.001477;0.022612;0.005502
488;-0.004339;-0.000251;0.002077;0.007362;-0.00091;0.000073;0.002181;0.00677;-0.019729;-0.00091;0.007528;0.000547
489;-0.001783;-0.00015;-0.00172;0.008616;-0.000968;-0.000881;-0.000647;0.033292;-0.039533;-0.000968;0.021364;0.005401
490;0.006946;-0.0001;-0.006581;0.000305;0.002109;-0.001029;-0.001589;-0.000884;0.029935;0.002109;-0.010401;0.000204
491;0.006898;-0.0002;0.029256;0.002516;0.020133;0.003531;0.001651;-0.022517;0.015441;0.020133;0.044237;0.002787
492;0.00274;0;0.013262;0.003423;0.001673;0.003079;-0.002295;0.030193;0.017352;0.001673;0.024555;0.005695
493;-0.00449;-0.000401;-0.005457;0.005836;-0.016419;0.00475;-0.004247;0.012937;-0.048708;-0.016419;0.022131;0.000337
494;0.001176;-0.0001;-0.003644;0.000452;-0.001358;-0.001745;0.001469;0.009934;-0.077819;-0.001358;-0.000739;-0.002089
495;-0.00803;0.000201;0.026632;0.002862;0.002776;0.005318;-0.001644;-0.020062;0.019844;0.002776;-0.003488;0.010197
496;-0.000987;0.00005;0.023552;0.000451;0.008137;0.002464;-0.001066;-0.0094;0.016116;0.008137;0.00891;0.005749
497;-0.002372;-0.000502;-0.011218;-0.005255;-0.001625;-0.003542;0.000712;-0.05573;-0.010638;-0.001625;-0.035639;-0.007643
498;0.003368;-0.000452;0.011553;-0.003245;0.008028;-0.001886;0.003023;-0.009453;0.032258;0.008028;-0.013191;0.000134
499;0.001579;0.000251;0.005854;0.000454;0.005848;0.000945;-0.003014;0.000086;0.117045;0.005848;0.005634;0.004085
500;0.00276;0;-0.019779;0.002649;-0.007364;-0.00029;-0.001067;-0.014271;-0.002713;-0.007364;-0.014281;0.001334
501;0.012581;-0.000301;0.004276;-0.002491;0.002901;-0.001525;0.002551;-0.052329;0.054403;0.002901;-0.022178;0.002531
502;-0.002912;-0.000251;-0.002976;0.003708;0.002058;0.003201;0.003255;0.028713;-0.06772;0.002614;0.011511;0.001794
503;0.002142;-0.0001;-0.007132;-0.006635;-0.010324;-0.007324;-0.003539;-0.012882;-0.06157;-0.010374;-0.013972;-0.001791
